	renamed:    01_git_command/05_git_checkout.md -> 02_git/01_checkout/01_git_checkout.md
	renamed:    02_git/01_config/01_alias/01_alias.lg.md -> 02_git/03_config/01_alias/01_alias.lg.md
	renamed:    02_git/01_config/01_alias/02_alias.sync.md -> 02_git/03_config/01_alias/02_alias.sync.md
	renamed:    02_git/01_config/02_core/01_core.commentChar_semicolon.md -> 02_git/03_config/02_core/01_core.commentChar_semicolon.md
	renamed:    02_git/01_config/02_core/02_core.editor_vim.md -> 02_git/03_config/02_core/02_core.editor_vim.md
	renamed:    02_git/01_config/02_core/03_core.pager_cat.md -> 02_git/03_config/02_core/03_core.pager_cat.md
	renamed:    02_git/01_config/03_diff/01_diff.tool.md -> 02_git/03_config/03_diff/01_diff.tool.md
	renamed:    02_git/01_config/reNumber_Files_with_same_number.sh -> 02_git/03_config/reNumber_Files_with_same_number.sh
	renamed:    02_git/03_fetch/01_git_fetch.md -> 02_git/04_fetch/01_git_fetch.md
	renamed:    02_git/04_pull/01_git_pull.md -> 02_git/05_pull/01_git_pull.md
	renamed:    02_git/05_remote/01_git_remote.md -> 02_git/06_remote/01_git_remote.md
	renamed:    02_git/06_stash/01_git_stash.md -> 02_git/07_stash/01_git_stash.md
	renamed:    02_git/07_tag/01_git_tag.md -> 02_git/08_tag/01_git_tag.md
	renamed:    01_git_command/06_git_branch.md -> 02_git_command/06_git_branch.md
	renamed:    01_git_command/07_git_status.md -> 02_git_command/07_git_status.md
	renamed:    01_git_command/08_git_diff.md -> 02_git_command/08_git_diff.md
	renamed:    01_git_command/09_git_difftool.md -> 02_git_command/09_git_difftool.md
	renamed:    01_git_command/10_git_commit.md -> 02_git_command/10_git_commit.md
	renamed:    01_git_command/11_git_reset_soft.md -> 02_git_command/11_git_reset_soft.md
	renamed:    01_git_command/12_git_squash_commit.md -> 02_git_command/12_git_squash_commit.md
	renamed:    01_git_command/13_git_push.md -> 02_git_command/13_git_push.md
	renamed:    01_git_command/14_git_log.md -> 02_git_command/14_git_log.md
	renamed:    01_git_command/15_git_revert.md -> 02_git_command/15_git_revert.md
	renamed:    01_git_command/17_git_merge.md -> 02_git_command/17_git_merge.md
